Band1:viber-otp,Band2:viber-otp,Band3:viber-otp,Band4:viber-otp,Band5:viber-otp,Band6:viber-otp,Band1:viber-tran,Band2:viber-tran,Band3:viber-tran,Band4:viber-tran,Band5:viber-tran,Band6:viber-tran,Band1:viber-prom,Band2:viber-prom,Band3:viber-prom,Band4:viber-prom,Band5:viber-prom,Band6:viber-prom,Band1:viber-inter,Band2:viber-inter,Band3:viber-inter,Band4:viber-inter,Band5:viber-inter,Band6:viber-inter,Band1:viber-session,Band2:viber-session,Band3:viber-session,Band4:viber-session,Band5:viber-session,Band6:viber-session
0,,,,,,0,,,,,,0,,,,,,0,,,,,,0,,,,,
Country,ISO2,Band1:viber-otp,Band2:viber-otp,Band3:viber-otp,Band4:viber-otp,Band5:viber-otp,Band6:viber-otp,Band1:viber-tran,Band2:viber-tran,Band3:viber-tran,Band4:viber-tran,Band5:viber-tran,Band6:viber-tran,Band1:viber-prom,Band2:viber-prom,Band3:viber-prom,Band4:viber-prom,Band5:viber-prom,Band6:viber-prom,Band1:viber-inter,Band2:viber-inter,Band3:viber-inter,Band4:viber-inter,Band5:viber-inter,Band6:viber-inter,Band1:viber-session,Band2:viber-session,Band3:viber-session,Band4:viber-session,Band5:viber-session,Band6:viber-session
,,0.044,,,,,,0.044,,,,,,0.046,,,,,,0.05,,,,,,0.048,,,,,
United States,US,0.07,,,,,,0.07,,,,,,0.0725,,,,,,0.0775,,,,,,0.075,,,,,
Canada,CA,0.075,,,,,,0.075,,,,,,0.0775,,,,,,0.0825,,,,,,0.08,,,,,
United Kingdom,GB,0.08,,,,,,0.08,,,,,,0.0825,,,,,,0.0875,,,,,,0.085,,,,,
Germany,DE,0.085,,,,,,0.085,,,,,,0.0875,,,,,,0.0925,,,,,,0.09,,,,,
Brazil,BR,0.09,,,,,,0.09,,,,,,0.0925,,,,,,0.0975,,,,,,0.095,,,,,
Serbia,RS,0.095,,,,,,0.095,,,,,,0.0975,,,,,,0.1025,,,,,,0.1,,,,,
