Band1,Band2,Band3,Band4,Band5,Band6
0,,,,,
Country,ISO2,Band1:LandlineGeneric,Band2:LandlineGeneric,Band3:LandlineGeneric,Band4:LandlineGeneric,Band5:LandlineGeneric,Band6:LandlineGeneric,Band1:MobileGeneric,Band2:MobileGeneric,Band3:MobileGeneric,Band4:MobileGeneric,Band5:MobileGeneric,Band6:MobileGeneric,Band1:LandlineInboundVoice,Band2:LandlineInboundVoice,Band3:LandlineInboundVoice,Band4:LandlineInboundVoice,Band5:LandlineInboundVoice,Band6:LandlineInboundVoice,Band1:MobileInboundVoice,Band2:MobileInboundVoice,Band3:MobileInboundVoice,Band4:MobileInboundVoice,Band5:MobileInboundVoice,Band6:MobileInboundVoice,Band1:LandlineOutboundVoice,Band2:LandlineOutboundVoice,Band3:LandlineOutboundVoice,Band4:LandlineOutboundVoice,Band5:LandlineOutboundVoice,Band6:LandlineOutboundVoice,Band1:MobileOutboundVoice,Band2:MobileOutboundVoice,Band3:MobileOutboundVoice,Band4:MobileOutboundVoice,Band5:MobileOutboundVoice,Band6:MobileOutboundVoice
,,0.121,,,,,,0.119,,,,,,0.123,,,,,,0.123,,,,,,0.121,,,,,,0.119,,,,,
United States,US,0.125,,,,,,0.123,,,,,,0.127,,,,,,0.127,,,,,,0.125,,,,,,0.123,,,,,
Canada,CA,0.129,,,,,,0.127,,,,,,0.131,,,,,,0.131,,,,,,0.129,,,,,,0.127,,,,,
United Kingdom,GB,0.133,,,,,,0.131,,,,,,0.135,,,,,,0.135,,,,,,0.133,,,,,,0.131,,,,,
Germany,DE,0.137,,,,,,0.135,,,,,,0.139,,,,,,0.139,,,,,,0.137,,,,,,0.135,,,,,
Brazil,BR,0.141,,,,,,0.139,,,,,,0.143,,,,,,0.143,,,,,,0.141,,,,,,0.139,,,,,
Serbia,RS,0.145,,,,,,0.143,,,,,,0.123,,,,,,0.123,,,,,,0.145,,,,,,0.143,,,,,
